{"0": 7.499999364217122, "1": 22.499998092651367, "2": 44.999996185302734}